k,final_pnl,avg_markout,avg_adverse_move,adverse_fill_ratio
1,20.059999999998325,-3.2030752733851795e-05,3.2030752733851795e-05,0.4623860182370821
5,22.779999999999234,-0.0008578416540730541,0.0008578416540730541,0.4786610878661088
10,22.009999999999124,-0.0012138943014728216,0.0012138943014728216,0.5005128205128205
20,20.049999999999983,-0.0006855925059335569,0.0006855925059335569,0.48548278190411887
